--------------------------------------------------------
--  File created - Tuesday-September-06-2022   
--------------------------------------------------------
--------------------------------------------------------
--  DDL for Table ACCOUNTS
--------------------------------------------------------

  CREATE TABLE "INVENTORY_AD"."ACCOUNTS" 
   (	"ACCCOUNTID" NUMBER(11,0), 
	"ACCOUNTNAME" VARCHAR2(45 BYTE), 
	"ACCOUNTDETAILS" VARCHAR2(100 BYTE), 
	"CUSTOMERS_CUSTOMERID" NUMBER(11,0), 
	"USER_USERNAME" VARCHAR2(45 BYTE), 
	"PAYMETHOD" VARCHAR2(45 BYTE)
   ) SEGMENT CREATION IMMEDIATE 
  PCTFREE 10 PCTUSED 40 INITRANS 1 MAXTRANS 255 NOCOMPRESS LOGGING
  STORAGE(INITIAL 65536 NEXT 1048576 MINEXTENTS 1 MAXEXTENTS 2147483645
  PCTINCREASE 0 FREELISTS 1 FREELIST GROUPS 1 BUFFER_POOL DEFAULT FLASH_CACHE DEFAULT CELL_FLASH_CACHE DEFAULT)
  TABLESPACE "INVENTORY" ;
--------------------------------------------------------
--  DDL for Table CUSTOMERS
--------------------------------------------------------

  CREATE TABLE "INVENTORY_AD"."CUSTOMERS" 
   (	"CUSTOMERID" NUMBER(11,0), 
	"FIRSTNAME" VARCHAR2(45 BYTE), 
	"LASTNAME" VARCHAR2(45 BYTE), 
	"ADDRESS" VARCHAR2(100 BYTE), 
	"PHONE" VARCHAR2(11 BYTE), 
	"EMAIL" VARCHAR2(45 BYTE), 
	"PHOTO" VARCHAR2(250 BYTE), 
	"GENDER" VARCHAR2(20 BYTE), 
	"MEMBERSINCE" DATE
   ) SEGMENT CREATION IMMEDIATE 
  PCTFREE 10 PCTUSED 40 INITRANS 1 MAXTRANS 255 NOCOMPRESS LOGGING
  STORAGE(INITIAL 65536 NEXT 1048576 MINEXTENTS 1 MAXEXTENTS 2147483645
  PCTINCREASE 0 FREELISTS 1 FREELIST GROUPS 1 BUFFER_POOL DEFAULT FLASH_CACHE DEFAULT CELL_FLASH_CACHE DEFAULT)
  TABLESPACE "INVENTORY" ;
--------------------------------------------------------
--  DDL for Table FINANCIALTRONPURCHASE
--------------------------------------------------------

  CREATE TABLE "INVENTORY_AD"."FINANCIALTRONPURCHASE" 
   (	"TRID" NUMBER(11,0), 
	"TRDATE" DATE, 
	"ACCOUNTS_ACCCOUNTID" NUMBER(11,0), 
	"TRTYPECODE_TRTYPECODE" NUMBER(11,0), 
	"PURCHASES_PURCHASEID" NUMBER(11,0), 
	"USER_USERNAME" VARCHAR2(20 BYTE)
   ) SEGMENT CREATION IMMEDIATE 
  PCTFREE 10 PCTUSED 40 INITRANS 1 MAXTRANS 255 NOCOMPRESS LOGGING
  STORAGE(INITIAL 65536 NEXT 1048576 MINEXTENTS 1 MAXEXTENTS 2147483645
  PCTINCREASE 0 FREELISTS 1 FREELIST GROUPS 1 BUFFER_POOL DEFAULT FLASH_CACHE DEFAULT CELL_FLASH_CACHE DEFAULT)
  TABLESPACE "INVENTORY" ;
--------------------------------------------------------
--  DDL for Table FINANCIALTRONRENTAL
--------------------------------------------------------

  CREATE TABLE "INVENTORY_AD"."FINANCIALTRONRENTAL" 
   (	"TRID" NUMBER(11,0), 
	"TRDATE" DATE, 
	"ACCOUNTS_ACCCOUNTID" NUMBER(11,0), 
	"RENTALS_RENTALID" NUMBER(11,0), 
	"TRTYPECODE_TRTYPECODE" NUMBER(11,0), 
	"USER_USERNAME" VARCHAR2(20 BYTE)
   ) SEGMENT CREATION IMMEDIATE 
  PCTFREE 10 PCTUSED 40 INITRANS 1 MAXTRANS 255 NOCOMPRESS LOGGING
  STORAGE(INITIAL 65536 NEXT 1048576 MINEXTENTS 1 MAXEXTENTS 2147483645
  PCTINCREASE 0 FREELISTS 1 FREELIST GROUPS 1 BUFFER_POOL DEFAULT FLASH_CACHE DEFAULT CELL_FLASH_CACHE DEFAULT)
  TABLESPACE "INVENTORY" ;
--------------------------------------------------------
--  DDL for Table ITEM
--------------------------------------------------------

  CREATE TABLE "INVENTORY_AD"."ITEM" 
   (	"ITEMID" NUMBER(11,0), 
	"ITEMNAME" VARCHAR2(45 BYTE), 
	"STOCK" NUMBER(11,0), 
	"RENTALORSALE" VARCHAR2(45 BYTE), 
	"SALEPRICE" FLOAT(126), 
	"RENTRATE" FLOAT(126), 
	"PHOTO" VARCHAR2(160 BYTE), 
	"ITEMTYPE_ITEMTYPEID" NUMBER(11,0)
   ) SEGMENT CREATION IMMEDIATE 
  PCTFREE 10 PCTUSED 40 INITRANS 1 MAXTRANS 255 NOCOMPRESS LOGGING
  STORAGE(INITIAL 65536 NEXT 1048576 MINEXTENTS 1 MAXEXTENTS 2147483645
  PCTINCREASE 0 FREELISTS 1 FREELIST GROUPS 1 BUFFER_POOL DEFAULT FLASH_CACHE DEFAULT CELL_FLASH_CACHE DEFAULT)
  TABLESPACE "INVENTORY" ;
--------------------------------------------------------
--  DDL for Table ITEMTYPE
--------------------------------------------------------

  CREATE TABLE "INVENTORY_AD"."ITEMTYPE" 
   (	"ITEMTYPEID" NUMBER(11,0), 
	"TYPENAME" VARCHAR2(45 BYTE)
   ) SEGMENT CREATION IMMEDIATE 
  PCTFREE 10 PCTUSED 40 INITRANS 1 MAXTRANS 255 NOCOMPRESS LOGGING
  STORAGE(INITIAL 65536 NEXT 1048576 MINEXTENTS 1 MAXEXTENTS 2147483645
  PCTINCREASE 0 FREELISTS 1 FREELIST GROUPS 1 BUFFER_POOL DEFAULT FLASH_CACHE DEFAULT CELL_FLASH_CACHE DEFAULT)
  TABLESPACE "INVENTORY" ;
--------------------------------------------------------
--  DDL for Table PURCHASES
--------------------------------------------------------

  CREATE TABLE "INVENTORY_AD"."PURCHASES" 
   (	"PURCHASEID" NUMBER(11,0), 
	"PURCHASEDATE" VARCHAR2(45 BYTE), 
	"PURCHASEQUANTITY" NUMBER(11,0), 
	"AMOUNTDUE" FLOAT(126), 
	"USER_USERNAME" VARCHAR2(45 BYTE), 
	"ITEM_ITEMID" NUMBER(11,0), 
	"CUSTOMERS_CUSTOMERID" NUMBER(11,0), 
	"PAYAMOUNT" FLOAT(126)
   ) SEGMENT CREATION IMMEDIATE 
  PCTFREE 10 PCTUSED 40 INITRANS 1 MAXTRANS 255 NOCOMPRESS LOGGING
  STORAGE(INITIAL 65536 NEXT 1048576 MINEXTENTS 1 MAXEXTENTS 2147483645
  PCTINCREASE 0 FREELISTS 1 FREELIST GROUPS 1 BUFFER_POOL DEFAULT FLASH_CACHE DEFAULT CELL_FLASH_CACHE DEFAULT)
  TABLESPACE "INVENTORY" ;
--------------------------------------------------------
--  DDL for Table RENTALS
--------------------------------------------------------

  CREATE TABLE "INVENTORY_AD"."RENTALS" 
   (	"RENTALID" NUMBER(11,0), 
	"RENTALDATE" DATE, 
	"RETURNDATE" DATE, 
	"PAID" NUMBER(11,0), 
	"AMOUNTDUE" FLOAT(126), 
	"USER_USERNAME" VARCHAR2(45 BYTE), 
	"ITEM_ITEMID" NUMBER(11,0), 
	"CUSTOMERS_CUSTOMERID" NUMBER(11,0)
   ) SEGMENT CREATION IMMEDIATE 
  PCTFREE 10 PCTUSED 40 INITRANS 1 MAXTRANS 255 NOCOMPRESS LOGGING
  STORAGE(INITIAL 65536 NEXT 1048576 MINEXTENTS 1 MAXEXTENTS 2147483645
  PCTINCREASE 0 FREELISTS 1 FREELIST GROUPS 1 BUFFER_POOL DEFAULT FLASH_CACHE DEFAULT CELL_FLASH_CACHE DEFAULT)
  TABLESPACE "INVENTORY" ;
--------------------------------------------------------
--  DDL for Table TRTYPECODE
--------------------------------------------------------

  CREATE TABLE "INVENTORY_AD"."TRTYPECODE" 
   (	"TRTYPECODE" NUMBER(11,0), 
	"TYPEDESCRIPTION" VARCHAR2(45 BYTE)
   ) SEGMENT CREATION IMMEDIATE 
  PCTFREE 10 PCTUSED 40 INITRANS 1 MAXTRANS 255 NOCOMPRESS LOGGING
  STORAGE(INITIAL 65536 NEXT 1048576 MINEXTENTS 1 MAXEXTENTS 2147483645
  PCTINCREASE 0 FREELISTS 1 FREELIST GROUPS 1 BUFFER_POOL DEFAULT FLASH_CACHE DEFAULT CELL_FLASH_CACHE DEFAULT)
  TABLESPACE "INVENTORY" ;
--------------------------------------------------------
--  DDL for Table USERCREDENTS
--------------------------------------------------------

  CREATE TABLE "INVENTORY_AD"."USERCREDENTS" 
   (	"USERNAME" VARCHAR2(45 BYTE), 
	"PASSWORD" VARCHAR2(100 BYTE)
   ) SEGMENT CREATION IMMEDIATE 
  PCTFREE 10 PCTUSED 40 INITRANS 1 MAXTRANS 255 NOCOMPRESS LOGGING
  STORAGE(INITIAL 65536 NEXT 1048576 MINEXTENTS 1 MAXEXTENTS 2147483645
  PCTINCREASE 0 FREELISTS 1 FREELIST GROUPS 1 BUFFER_POOL DEFAULT FLASH_CACHE DEFAULT CELL_FLASH_CACHE DEFAULT)
  TABLESPACE "INVENTORY" ;
--------------------------------------------------------
--  DDL for Table USERS
--------------------------------------------------------

  CREATE TABLE "INVENTORY_AD"."USERS" 
   (	"USERNAME" VARCHAR2(45 BYTE), 
	"PASSWORD" VARCHAR2(45 BYTE), 
	"EMAIL" VARCHAR2(45 BYTE), 
	"ACCESSLEVEL" VARCHAR2(20 BYTE)
   ) SEGMENT CREATION IMMEDIATE 
  PCTFREE 10 PCTUSED 40 INITRANS 1 MAXTRANS 255 NOCOMPRESS LOGGING
  STORAGE(INITIAL 65536 NEXT 1048576 MINEXTENTS 1 MAXEXTENTS 2147483645
  PCTINCREASE 0 FREELISTS 1 FREELIST GROUPS 1 BUFFER_POOL DEFAULT FLASH_CACHE DEFAULT CELL_FLASH_CACHE DEFAULT)
  TABLESPACE "INVENTORY" ;
REM INSERTING into INVENTORY_AD.ACCOUNTS
SET DEFINE OFF;
Insert into INVENTORY_AD.ACCOUNTS (ACCCOUNTID,ACCOUNTNAME,ACCOUNTDETAILS,CUSTOMERS_CUSTOMERID,USER_USERNAME,PAYMETHOD) values (1,'Account 1','NONE',1,'Admin','Card');
Insert into INVENTORY_AD.ACCOUNTS (ACCCOUNTID,ACCOUNTNAME,ACCOUNTDETAILS,CUSTOMERS_CUSTOMERID,USER_USERNAME,PAYMETHOD) values (2,'Account 2','NONE',3,'Admin','Cash');
REM INSERTING into INVENTORY_AD.CUSTOMERS
SET DEFINE OFF;
Insert into INVENTORY_AD.CUSTOMERS (CUSTOMERID,FIRSTNAME,LASTNAME,ADDRESS,PHONE,EMAIL,PHOTO,GENDER,MEMBERSINCE) values (3,'Husein','Mohamed','Hodan','516116','husein@gmai.com','file:/C:/Users/abdiw/Downloads/Seshat.png','Male',to_date('03-JUL-22','DD-MON-RR'));
Insert into INVENTORY_AD.CUSTOMERS (CUSTOMERID,FIRSTNAME,LASTNAME,ADDRESS,PHONE,EMAIL,PHOTO,GENDER,MEMBERSINCE) values (2,'abdiwahab','Fiqi','Hoddddd','616161','abdi@gmail.com','file:/C:/Users/abdiw/Downloads/JFAST.png','Male',to_date('03-JUL-22','DD-MON-RR'));
Insert into INVENTORY_AD.CUSTOMERS (CUSTOMERID,FIRSTNAME,LASTNAME,ADDRESS,PHONE,EMAIL,PHOTO,GENDER,MEMBERSINCE) values (1,'Abdikarim','Huisein','Hodddd','6161','Ab@gmail.com','file:/C:/Users/abdiw/Downloads/Seshat.png','Male',to_date('03-JUL-22','DD-MON-RR'));
REM INSERTING into INVENTORY_AD.FINANCIALTRONPURCHASE
SET DEFINE OFF;
Insert into INVENTORY_AD.FINANCIALTRONPURCHASE (TRID,TRDATE,ACCOUNTS_ACCCOUNTID,TRTYPECODE_TRTYPECODE,PURCHASES_PURCHASEID,USER_USERNAME) values (2,to_date('03-JUL-22','DD-MON-RR'),2,1,2,'Admin');
Insert into INVENTORY_AD.FINANCIALTRONPURCHASE (TRID,TRDATE,ACCOUNTS_ACCCOUNTID,TRTYPECODE_TRTYPECODE,PURCHASES_PURCHASEID,USER_USERNAME) values (1,to_date('03-JUL-22','DD-MON-RR'),1,1,1,'Admin');
REM INSERTING into INVENTORY_AD.FINANCIALTRONRENTAL
SET DEFINE OFF;
Insert into INVENTORY_AD.FINANCIALTRONRENTAL (TRID,TRDATE,ACCOUNTS_ACCCOUNTID,RENTALS_RENTALID,TRTYPECODE_TRTYPECODE,USER_USERNAME) values (1,to_date('03-JUL-22','DD-MON-RR'),2,1,1,'Admin');
REM INSERTING into INVENTORY_AD.ITEM
SET DEFINE OFF;
Insert into INVENTORY_AD.ITEM (ITEMID,ITEMNAME,STOCK,RENTALORSALE,SALEPRICE,RENTRATE,PHOTO,ITEMTYPE_ITEMTYPEID) values (2,'Mobile',9,'Rental',0,10,'file:/C:/Users/abdiw/Downloads/JFLAP.jpg',1);
Insert into INVENTORY_AD.ITEM (ITEMID,ITEMNAME,STOCK,RENTALORSALE,SALEPRICE,RENTRATE,PHOTO,ITEMTYPE_ITEMTYPEID) values (1,'charger',7,'Sale',30,0,'file:/C:/Users/abdiw/Downloads/END.png',1);
REM INSERTING into INVENTORY_AD.ITEMTYPE
SET DEFINE OFF;
Insert into INVENTORY_AD.ITEMTYPE (ITEMTYPEID,TYPENAME) values (6,'Accessories');
Insert into INVENTORY_AD.ITEMTYPE (ITEMTYPEID,TYPENAME) values (1,'Electronics');
Insert into INVENTORY_AD.ITEMTYPE (ITEMTYPEID,TYPENAME) values (2,'Home Appliances');
Insert into INVENTORY_AD.ITEMTYPE (ITEMTYPEID,TYPENAME) values (3,'Tools');
Insert into INVENTORY_AD.ITEMTYPE (ITEMTYPEID,TYPENAME) values (4,'Machinaries');
Insert into INVENTORY_AD.ITEMTYPE (ITEMTYPEID,TYPENAME) values (5,'Automobiles');
REM INSERTING into INVENTORY_AD.PURCHASES
SET DEFINE OFF;
Insert into INVENTORY_AD.PURCHASES (PURCHASEID,PURCHASEDATE,PURCHASEQUANTITY,AMOUNTDUE,USER_USERNAME,ITEM_ITEMID,CUSTOMERS_CUSTOMERID,PAYAMOUNT) values (2,'03-JUL-22',2,20,'Admin',1,3,40);
Insert into INVENTORY_AD.PURCHASES (PURCHASEID,PURCHASEDATE,PURCHASEQUANTITY,AMOUNTDUE,USER_USERNAME,ITEM_ITEMID,CUSTOMERS_CUSTOMERID,PAYAMOUNT) values (1,'03-JUL-22',1,10,'Admin',1,1,10);
REM INSERTING into INVENTORY_AD.RENTALS
SET DEFINE OFF;
Insert into INVENTORY_AD.RENTALS (RENTALID,RENTALDATE,RETURNDATE,PAID,AMOUNTDUE,USER_USERNAME,ITEM_ITEMID,CUSTOMERS_CUSTOMERID) values (1,to_date('03-JUL-22','DD-MON-RR'),to_date('04-JUL-22','DD-MON-RR'),0,10,'Admin',2,3);
REM INSERTING into INVENTORY_AD.TRTYPECODE
SET DEFINE OFF;
Insert into INVENTORY_AD.TRTYPECODE (TRTYPECODE,TYPEDESCRIPTION) values (1,'Cash');
Insert into INVENTORY_AD.TRTYPECODE (TRTYPECODE,TYPEDESCRIPTION) values (2,'ATM');
Insert into INVENTORY_AD.TRTYPECODE (TRTYPECODE,TYPEDESCRIPTION) values (3,'Credit');
Insert into INVENTORY_AD.TRTYPECODE (TRTYPECODE,TYPEDESCRIPTION) values (4,'Others');
REM INSERTING into INVENTORY_AD.USERCREDENTS
SET DEFINE OFF;
Insert into INVENTORY_AD.USERCREDENTS (USERNAME,PASSWORD) values ('Ahmed','1234');
REM INSERTING into INVENTORY_AD.USERS
SET DEFINE OFF;
Insert into INVENTORY_AD.USERS (USERNAME,PASSWORD,EMAIL,ACCESSLEVEL) values ('Admin','Admin','admin@gmail.com','admin');
Insert into INVENTORY_AD.USERS (USERNAME,PASSWORD,EMAIL,ACCESSLEVEL) values ('Abdiwahab','1055','abdi@gmail.com','Admin');
Insert into INVENTORY_AD.USERS (USERNAME,PASSWORD,EMAIL,ACCESSLEVEL) values ('Ahmed','1234','ahmed@gmail.com','Employee');
--------------------------------------------------------
--  DDL for Index USERS_PK
--------------------------------------------------------

  CREATE UNIQUE INDEX "INVENTORY_AD"."USERS_PK" ON "INVENTORY_AD"."USERS" ("USERNAME") 
  PCTFREE 10 INITRANS 2 MAXTRANS 255 COMPUTE STATISTICS 
  STORAGE(INITIAL 65536 NEXT 1048576 MINEXTENTS 1 MAXEXTENTS 2147483645
  PCTINCREASE 0 FREELISTS 1 FREELIST GROUPS 1 BUFFER_POOL DEFAULT FLASH_CACHE DEFAULT CELL_FLASH_CACHE DEFAULT)
  TABLESPACE "INVENTORY" ;
--------------------------------------------------------
--  DDL for Index RENTALS_PK
--------------------------------------------------------

  CREATE UNIQUE INDEX "INVENTORY_AD"."RENTALS_PK" ON "INVENTORY_AD"."RENTALS" ("RENTALID") 
  PCTFREE 10 INITRANS 2 MAXTRANS 255 COMPUTE STATISTICS 
  STORAGE(INITIAL 65536 NEXT 1048576 MINEXTENTS 1 MAXEXTENTS 2147483645
  PCTINCREASE 0 FREELISTS 1 FREELIST GROUPS 1 BUFFER_POOL DEFAULT FLASH_CACHE DEFAULT CELL_FLASH_CACHE DEFAULT)
  TABLESPACE "INVENTORY" ;
--------------------------------------------------------
--  DDL for Index PURCHASES_PK
--------------------------------------------------------

  CREATE UNIQUE INDEX "INVENTORY_AD"."PURCHASES_PK" ON "INVENTORY_AD"."PURCHASES" ("PURCHASEID") 
  PCTFREE 10 INITRANS 2 MAXTRANS 255 COMPUTE STATISTICS 
  STORAGE(INITIAL 65536 NEXT 1048576 MINEXTENTS 1 MAXEXTENTS 2147483645
  PCTINCREASE 0 FREELISTS 1 FREELIST GROUPS 1 BUFFER_POOL DEFAULT FLASH_CACHE DEFAULT CELL_FLASH_CACHE DEFAULT)
  TABLESPACE "INVENTORY" ;
--------------------------------------------------------
--  DDL for Index FINANCIALTRONPURCHASE_PK
--------------------------------------------------------

  CREATE UNIQUE INDEX "INVENTORY_AD"."FINANCIALTRONPURCHASE_PK" ON "INVENTORY_AD"."FINANCIALTRONPURCHASE" ("TRID") 
  PCTFREE 10 INITRANS 2 MAXTRANS 255 COMPUTE STATISTICS 
  STORAGE(INITIAL 65536 NEXT 1048576 MINEXTENTS 1 MAXEXTENTS 2147483645
  PCTINCREASE 0 FREELISTS 1 FREELIST GROUPS 1 BUFFER_POOL DEFAULT FLASH_CACHE DEFAULT CELL_FLASH_CACHE DEFAULT)
  TABLESPACE "INVENTORY" ;
--------------------------------------------------------
--  DDL for Index ITEM_PK
--------------------------------------------------------

  CREATE UNIQUE INDEX "INVENTORY_AD"."ITEM_PK" ON "INVENTORY_AD"."ITEM" ("ITEMID") 
  PCTFREE 10 INITRANS 2 MAXTRANS 255 COMPUTE STATISTICS 
  STORAGE(INITIAL 65536 NEXT 1048576 MINEXTENTS 1 MAXEXTENTS 2147483645
  PCTINCREASE 0 FREELISTS 1 FREELIST GROUPS 1 BUFFER_POOL DEFAULT FLASH_CACHE DEFAULT CELL_FLASH_CACHE DEFAULT)
  TABLESPACE "INVENTORY" ;
--------------------------------------------------------
--  DDL for Index FINANCIALTRONRENTAL_PK
--------------------------------------------------------

  CREATE UNIQUE INDEX "INVENTORY_AD"."FINANCIALTRONRENTAL_PK" ON "INVENTORY_AD"."FINANCIALTRONRENTAL" ("TRID") 
  PCTFREE 10 INITRANS 2 MAXTRANS 255 COMPUTE STATISTICS 
  STORAGE(INITIAL 65536 NEXT 1048576 MINEXTENTS 1 MAXEXTENTS 2147483645
  PCTINCREASE 0 FREELISTS 1 FREELIST GROUPS 1 BUFFER_POOL DEFAULT FLASH_CACHE DEFAULT CELL_FLASH_CACHE DEFAULT)
  TABLESPACE "INVENTORY" ;
--------------------------------------------------------
--  DDL for Index CUSTOMERS_PK
--------------------------------------------------------

  CREATE UNIQUE INDEX "INVENTORY_AD"."CUSTOMERS_PK" ON "INVENTORY_AD"."CUSTOMERS" ("CUSTOMERID") 
  PCTFREE 10 INITRANS 2 MAXTRANS 255 COMPUTE STATISTICS 
  STORAGE(INITIAL 65536 NEXT 1048576 MINEXTENTS 1 MAXEXTENTS 2147483645
  PCTINCREASE 0 FREELISTS 1 FREELIST GROUPS 1 BUFFER_POOL DEFAULT FLASH_CACHE DEFAULT CELL_FLASH_CACHE DEFAULT)
  TABLESPACE "INVENTORY" ;
--------------------------------------------------------
--  DDL for Index TRTYPECODE_PK
--------------------------------------------------------

  CREATE UNIQUE INDEX "INVENTORY_AD"."TRTYPECODE_PK" ON "INVENTORY_AD"."TRTYPECODE" ("TRTYPECODE") 
  PCTFREE 10 INITRANS 2 MAXTRANS 255 COMPUTE STATISTICS 
  STORAGE(INITIAL 65536 NEXT 1048576 MINEXTENTS 1 MAXEXTENTS 2147483645
  PCTINCREASE 0 FREELISTS 1 FREELIST GROUPS 1 BUFFER_POOL DEFAULT FLASH_CACHE DEFAULT CELL_FLASH_CACHE DEFAULT)
  TABLESPACE "INVENTORY" ;
--------------------------------------------------------
--  DDL for Index ITEMTYPE_PK
--------------------------------------------------------

  CREATE UNIQUE INDEX "INVENTORY_AD"."ITEMTYPE_PK" ON "INVENTORY_AD"."ITEMTYPE" ("ITEMTYPEID") 
  PCTFREE 10 INITRANS 2 MAXTRANS 255 COMPUTE STATISTICS 
  STORAGE(INITIAL 65536 NEXT 1048576 MINEXTENTS 1 MAXEXTENTS 2147483645
  PCTINCREASE 0 FREELISTS 1 FREELIST GROUPS 1 BUFFER_POOL DEFAULT FLASH_CACHE DEFAULT CELL_FLASH_CACHE DEFAULT)
  TABLESPACE "INVENTORY" ;
--------------------------------------------------------
--  DDL for Index ACCOUNTS_PK
--------------------------------------------------------

  CREATE UNIQUE INDEX "INVENTORY_AD"."ACCOUNTS_PK" ON "INVENTORY_AD"."ACCOUNTS" ("ACCCOUNTID") 
  PCTFREE 10 INITRANS 2 MAXTRANS 255 COMPUTE STATISTICS 
  STORAGE(INITIAL 65536 NEXT 1048576 MINEXTENTS 1 MAXEXTENTS 2147483645
  PCTINCREASE 0 FREELISTS 1 FREELIST GROUPS 1 BUFFER_POOL DEFAULT FLASH_CACHE DEFAULT CELL_FLASH_CACHE DEFAULT)
  TABLESPACE "INVENTORY" ;
--------------------------------------------------------
--  Constraints for Table FINANCIALTRONPURCHASE
--------------------------------------------------------

  ALTER TABLE "INVENTORY_AD"."FINANCIALTRONPURCHASE" ADD CONSTRAINT "FINANCIALTRONPURCHASE_PK" PRIMARY KEY ("TRID")
  USING INDEX PCTFREE 10 INITRANS 2 MAXTRANS 255 COMPUTE STATISTICS 
  STORAGE(INITIAL 65536 NEXT 1048576 MINEXTENTS 1 MAXEXTENTS 2147483645
  PCTINCREASE 0 FREELISTS 1 FREELIST GROUPS 1 BUFFER_POOL DEFAULT FLASH_CACHE DEFAULT CELL_FLASH_CACHE DEFAULT)
  TABLESPACE "INVENTORY"  ENABLE;
  ALTER TABLE "INVENTORY_AD"."FINANCIALTRONPURCHASE" MODIFY ("PURCHASES_PURCHASEID" NOT NULL ENABLE);
  ALTER TABLE "INVENTORY_AD"."FINANCIALTRONPURCHASE" MODIFY ("TRTYPECODE_TRTYPECODE" NOT NULL ENABLE);
  ALTER TABLE "INVENTORY_AD"."FINANCIALTRONPURCHASE" MODIFY ("ACCOUNTS_ACCCOUNTID" NOT NULL ENABLE);
  ALTER TABLE "INVENTORY_AD"."FINANCIALTRONPURCHASE" MODIFY ("TRID" NOT NULL ENABLE);
--------------------------------------------------------
--  Constraints for Table FINANCIALTRONRENTAL
--------------------------------------------------------

  ALTER TABLE "INVENTORY_AD"."FINANCIALTRONRENTAL" ADD CONSTRAINT "FINANCIALTRONRENTAL_PK" PRIMARY KEY ("TRID")
  USING INDEX PCTFREE 10 INITRANS 2 MAXTRANS 255 COMPUTE STATISTICS 
  STORAGE(INITIAL 65536 NEXT 1048576 MINEXTENTS 1 MAXEXTENTS 2147483645
  PCTINCREASE 0 FREELISTS 1 FREELIST GROUPS 1 BUFFER_POOL DEFAULT FLASH_CACHE DEFAULT CELL_FLASH_CACHE DEFAULT)
  TABLESPACE "INVENTORY"  ENABLE;
  ALTER TABLE "INVENTORY_AD"."FINANCIALTRONRENTAL" MODIFY ("TRTYPECODE_TRTYPECODE" NOT NULL ENABLE);
  ALTER TABLE "INVENTORY_AD"."FINANCIALTRONRENTAL" MODIFY ("ACCOUNTS_ACCCOUNTID" NOT NULL ENABLE);
  ALTER TABLE "INVENTORY_AD"."FINANCIALTRONRENTAL" MODIFY ("TRDATE" NOT NULL ENABLE);
  ALTER TABLE "INVENTORY_AD"."FINANCIALTRONRENTAL" MODIFY ("TRID" NOT NULL ENABLE);
--------------------------------------------------------
--  Constraints for Table CUSTOMERS
--------------------------------------------------------

  ALTER TABLE "INVENTORY_AD"."CUSTOMERS" ADD CONSTRAINT "CUSTOMERS_PK" PRIMARY KEY ("CUSTOMERID")
  USING INDEX PCTFREE 10 INITRANS 2 MAXTRANS 255 COMPUTE STATISTICS 
  STORAGE(INITIAL 65536 NEXT 1048576 MINEXTENTS 1 MAXEXTENTS 2147483645
  PCTINCREASE 0 FREELISTS 1 FREELIST GROUPS 1 BUFFER_POOL DEFAULT FLASH_CACHE DEFAULT CELL_FLASH_CACHE DEFAULT)
  TABLESPACE "INVENTORY"  ENABLE;
  ALTER TABLE "INVENTORY_AD"."CUSTOMERS" MODIFY ("CUSTOMERID" NOT NULL ENABLE);
--------------------------------------------------------
--  Constraints for Table PURCHASES
--------------------------------------------------------

  ALTER TABLE "INVENTORY_AD"."PURCHASES" ADD CONSTRAINT "PURCHASES_PK" PRIMARY KEY ("PURCHASEID")
  USING INDEX PCTFREE 10 INITRANS 2 MAXTRANS 255 COMPUTE STATISTICS 
  STORAGE(INITIAL 65536 NEXT 1048576 MINEXTENTS 1 MAXEXTENTS 2147483645
  PCTINCREASE 0 FREELISTS 1 FREELIST GROUPS 1 BUFFER_POOL DEFAULT FLASH_CACHE DEFAULT CELL_FLASH_CACHE DEFAULT)
  TABLESPACE "INVENTORY"  ENABLE;
  ALTER TABLE "INVENTORY_AD"."PURCHASES" MODIFY ("CUSTOMERS_CUSTOMERID" NOT NULL ENABLE);
  ALTER TABLE "INVENTORY_AD"."PURCHASES" MODIFY ("ITEM_ITEMID" NOT NULL ENABLE);
  ALTER TABLE "INVENTORY_AD"."PURCHASES" MODIFY ("USER_USERNAME" NOT NULL ENABLE);
  ALTER TABLE "INVENTORY_AD"."PURCHASES" MODIFY ("PURCHASEQUANTITY" NOT NULL ENABLE);
  ALTER TABLE "INVENTORY_AD"."PURCHASES" MODIFY ("PURCHASEDATE" NOT NULL ENABLE);
  ALTER TABLE "INVENTORY_AD"."PURCHASES" MODIFY ("PURCHASEID" NOT NULL ENABLE);
--------------------------------------------------------
--  Constraints for Table ACCOUNTS
--------------------------------------------------------

  ALTER TABLE "INVENTORY_AD"."ACCOUNTS" ADD CONSTRAINT "ACCOUNTS_PK" PRIMARY KEY ("ACCCOUNTID")
  USING INDEX PCTFREE 10 INITRANS 2 MAXTRANS 255 COMPUTE STATISTICS 
  STORAGE(INITIAL 65536 NEXT 1048576 MINEXTENTS 1 MAXEXTENTS 2147483645
  PCTINCREASE 0 FREELISTS 1 FREELIST GROUPS 1 BUFFER_POOL DEFAULT FLASH_CACHE DEFAULT CELL_FLASH_CACHE DEFAULT)
  TABLESPACE "INVENTORY"  ENABLE;
  ALTER TABLE "INVENTORY_AD"."ACCOUNTS" MODIFY ("CUSTOMERS_CUSTOMERID" NOT NULL ENABLE);
  ALTER TABLE "INVENTORY_AD"."ACCOUNTS" MODIFY ("ACCOUNTNAME" NOT NULL ENABLE);
  ALTER TABLE "INVENTORY_AD"."ACCOUNTS" MODIFY ("ACCCOUNTID" NOT NULL ENABLE);
--------------------------------------------------------
--  Constraints for Table ITEM
--------------------------------------------------------

  ALTER TABLE "INVENTORY_AD"."ITEM" ADD CONSTRAINT "ITEM_PK" PRIMARY KEY ("ITEMID")
  USING INDEX PCTFREE 10 INITRANS 2 MAXTRANS 255 COMPUTE STATISTICS 
  STORAGE(INITIAL 65536 NEXT 1048576 MINEXTENTS 1 MAXEXTENTS 2147483645
  PCTINCREASE 0 FREELISTS 1 FREELIST GROUPS 1 BUFFER_POOL DEFAULT FLASH_CACHE DEFAULT CELL_FLASH_CACHE DEFAULT)
  TABLESPACE "INVENTORY"  ENABLE;
  ALTER TABLE "INVENTORY_AD"."ITEM" MODIFY ("PHOTO" NOT NULL ENABLE);
  ALTER TABLE "INVENTORY_AD"."ITEM" MODIFY ("RENTALORSALE" NOT NULL ENABLE);
  ALTER TABLE "INVENTORY_AD"."ITEM" MODIFY ("STOCK" NOT NULL ENABLE);
  ALTER TABLE "INVENTORY_AD"."ITEM" MODIFY ("ITEMNAME" NOT NULL ENABLE);
  ALTER TABLE "INVENTORY_AD"."ITEM" MODIFY ("ITEMID" NOT NULL ENABLE);
--------------------------------------------------------
--  Constraints for Table USERS
--------------------------------------------------------

  ALTER TABLE "INVENTORY_AD"."USERS" ADD CONSTRAINT "USERS_PK" PRIMARY KEY ("USERNAME")
  USING INDEX PCTFREE 10 INITRANS 2 MAXTRANS 255 COMPUTE STATISTICS 
  STORAGE(INITIAL 65536 NEXT 1048576 MINEXTENTS 1 MAXEXTENTS 2147483645
  PCTINCREASE 0 FREELISTS 1 FREELIST GROUPS 1 BUFFER_POOL DEFAULT FLASH_CACHE DEFAULT CELL_FLASH_CACHE DEFAULT)
  TABLESPACE "INVENTORY"  ENABLE;
  ALTER TABLE "INVENTORY_AD"."USERS" MODIFY ("ACCESSLEVEL" NOT NULL ENABLE);
  ALTER TABLE "INVENTORY_AD"."USERS" MODIFY ("EMAIL" NOT NULL ENABLE);
  ALTER TABLE "INVENTORY_AD"."USERS" MODIFY ("PASSWORD" NOT NULL ENABLE);
  ALTER TABLE "INVENTORY_AD"."USERS" MODIFY ("USERNAME" NOT NULL ENABLE);
--------------------------------------------------------
--  Constraints for Table RENTALS
--------------------------------------------------------

  ALTER TABLE "INVENTORY_AD"."RENTALS" ADD CONSTRAINT "RENTALS_PK" PRIMARY KEY ("RENTALID")
  USING INDEX PCTFREE 10 INITRANS 2 MAXTRANS 255 COMPUTE STATISTICS 
  STORAGE(INITIAL 65536 NEXT 1048576 MINEXTENTS 1 MAXEXTENTS 2147483645
  PCTINCREASE 0 FREELISTS 1 FREELIST GROUPS 1 BUFFER_POOL DEFAULT FLASH_CACHE DEFAULT CELL_FLASH_CACHE DEFAULT)
  TABLESPACE "INVENTORY"  ENABLE;
  ALTER TABLE "INVENTORY_AD"."RENTALS" MODIFY ("CUSTOMERS_CUSTOMERID" NOT NULL ENABLE);
  ALTER TABLE "INVENTORY_AD"."RENTALS" MODIFY ("ITEM_ITEMID" NOT NULL ENABLE);
  ALTER TABLE "INVENTORY_AD"."RENTALS" MODIFY ("USER_USERNAME" NOT NULL ENABLE);
  ALTER TABLE "INVENTORY_AD"."RENTALS" MODIFY ("RENTALDATE" NOT NULL ENABLE);
  ALTER TABLE "INVENTORY_AD"."RENTALS" MODIFY ("RENTALID" NOT NULL ENABLE);
--------------------------------------------------------
--  Constraints for Table ITEMTYPE
--------------------------------------------------------

  ALTER TABLE "INVENTORY_AD"."ITEMTYPE" ADD CONSTRAINT "ITEMTYPE_PK" PRIMARY KEY ("ITEMTYPEID")
  USING INDEX PCTFREE 10 INITRANS 2 MAXTRANS 255 COMPUTE STATISTICS 
  STORAGE(INITIAL 65536 NEXT 1048576 MINEXTENTS 1 MAXEXTENTS 2147483645
  PCTINCREASE 0 FREELISTS 1 FREELIST GROUPS 1 BUFFER_POOL DEFAULT FLASH_CACHE DEFAULT CELL_FLASH_CACHE DEFAULT)
  TABLESPACE "INVENTORY"  ENABLE;
  ALTER TABLE "INVENTORY_AD"."ITEMTYPE" MODIFY ("ITEMTYPEID" NOT NULL ENABLE);
--------------------------------------------------------
--  Constraints for Table TRTYPECODE
--------------------------------------------------------

  ALTER TABLE "INVENTORY_AD"."TRTYPECODE" ADD CONSTRAINT "TRTYPECODE_PK" PRIMARY KEY ("TRTYPECODE")
  USING INDEX PCTFREE 10 INITRANS 2 MAXTRANS 255 COMPUTE STATISTICS 
  STORAGE(INITIAL 65536 NEXT 1048576 MINEXTENTS 1 MAXEXTENTS 2147483645
  PCTINCREASE 0 FREELISTS 1 FREELIST GROUPS 1 BUFFER_POOL DEFAULT FLASH_CACHE DEFAULT CELL_FLASH_CACHE DEFAULT)
  TABLESPACE "INVENTORY"  ENABLE;
  ALTER TABLE "INVENTORY_AD"."TRTYPECODE" MODIFY ("TRTYPECODE" NOT NULL ENABLE);
--------------------------------------------------------
--  Ref Constraints for Table ACCOUNTS
--------------------------------------------------------

  ALTER TABLE "INVENTORY_AD"."ACCOUNTS" ADD CONSTRAINT "ACCOUNTS_FK1" FOREIGN KEY ("CUSTOMERS_CUSTOMERID")
	  REFERENCES "INVENTORY_AD"."CUSTOMERS" ("CUSTOMERID") ENABLE;
  ALTER TABLE "INVENTORY_AD"."ACCOUNTS" ADD CONSTRAINT "ACCOUNTS_FK2" FOREIGN KEY ("USER_USERNAME")
	  REFERENCES "INVENTORY_AD"."USERS" ("USERNAME") ENABLE;
--------------------------------------------------------
--  Ref Constraints for Table FINANCIALTRONPURCHASE
--------------------------------------------------------

  ALTER TABLE "INVENTORY_AD"."FINANCIALTRONPURCHASE" ADD CONSTRAINT "FINANCIALTRONPURCHASE_FK1" FOREIGN KEY ("USER_USERNAME")
	  REFERENCES "INVENTORY_AD"."USERS" ("USERNAME") ENABLE;
  ALTER TABLE "INVENTORY_AD"."FINANCIALTRONPURCHASE" ADD CONSTRAINT "FINANCIALTRONPURCHASE_FK2" FOREIGN KEY ("PURCHASES_PURCHASEID")
	  REFERENCES "INVENTORY_AD"."PURCHASES" ("PURCHASEID") ENABLE;
  ALTER TABLE "INVENTORY_AD"."FINANCIALTRONPURCHASE" ADD CONSTRAINT "FINANCIALTRONPURCHASE_FK3" FOREIGN KEY ("TRTYPECODE_TRTYPECODE")
	  REFERENCES "INVENTORY_AD"."TRTYPECODE" ("TRTYPECODE") ENABLE;
--------------------------------------------------------
--  Ref Constraints for Table FINANCIALTRONRENTAL
--------------------------------------------------------

  ALTER TABLE "INVENTORY_AD"."FINANCIALTRONRENTAL" ADD CONSTRAINT "FINANCIALTRONRENTAL_FK1" FOREIGN KEY ("RENTALS_RENTALID")
	  REFERENCES "INVENTORY_AD"."RENTALS" ("RENTALID") ENABLE;
  ALTER TABLE "INVENTORY_AD"."FINANCIALTRONRENTAL" ADD CONSTRAINT "FINANCIALTRONRENTAL_FK2" FOREIGN KEY ("TRTYPECODE_TRTYPECODE")
	  REFERENCES "INVENTORY_AD"."TRTYPECODE" ("TRTYPECODE") ENABLE;
  ALTER TABLE "INVENTORY_AD"."FINANCIALTRONRENTAL" ADD CONSTRAINT "FINANCIALTRONRENTAL_FK3" FOREIGN KEY ("USER_USERNAME")
	  REFERENCES "INVENTORY_AD"."USERS" ("USERNAME") ENABLE;
--------------------------------------------------------
--  Ref Constraints for Table ITEM
--------------------------------------------------------

  ALTER TABLE "INVENTORY_AD"."ITEM" ADD CONSTRAINT "ITEM_FK1" FOREIGN KEY ("ITEMTYPE_ITEMTYPEID")
	  REFERENCES "INVENTORY_AD"."ITEMTYPE" ("ITEMTYPEID") ENABLE;
--------------------------------------------------------
--  Ref Constraints for Table PURCHASES
--------------------------------------------------------

  ALTER TABLE "INVENTORY_AD"."PURCHASES" ADD CONSTRAINT "PURCHASES_FK1" FOREIGN KEY ("USER_USERNAME")
	  REFERENCES "INVENTORY_AD"."USERS" ("USERNAME") ENABLE;
--------------------------------------------------------
--  Ref Constraints for Table RENTALS
--------------------------------------------------------

  ALTER TABLE "INVENTORY_AD"."RENTALS" ADD CONSTRAINT "RENTALS_FK1" FOREIGN KEY ("USER_USERNAME")
	  REFERENCES "INVENTORY_AD"."USERS" ("USERNAME") ENABLE;
